iter	RMSE
0	4.626090607
1	4.379287828
2	4.530737044
3	4.48084747
4	4.432957024
5	4.392050861
6	4.352340154
7	4.175251576
8	4.281476404
9	4.24195634
10	4.200010862
11	4.164587551
12	4.126269472
13	4.097998509
14	4.059456369
15	4.014904624
16	3.985743788
17	3.961701088
18	3.940271951
19	3.917025319
20	3.890599731
21	3.872400301
22	3.855709231
23	3.830675708
24	3.81022926
25	3.787523433
26	3.774507661
27	3.753697523
28	3.730344087
29	3.706511494
30	3.688898111
31	3.672503355
3232	3.63715933	3.631155266
34	334	3.61385935	35	3.596975483
36	3.580541337	3.564895478
38	3.551063323
39	3.526321771
40	3.509326244
41	3.485363675
42	42	3.484563443	43	3.472400244	44	3.463846691
45	3.448125781
46	3.436261547	3.386908102
48	3.376448256
49	3.36676419
5050	3.373310395151	3.361451755252	3.349108665
53	3.3369711954	3.300005871
55	3.291725786
56	3.283347729
57	3.273382622
58	3.264027037
59	3.254984394
60	3.238913605
61	3.222639245
62	3.209532468
663	3.22591344
64	3.21168767265	3.172409848
66	3.152198351
67	3.145799781
68	3.138987159
69	3.115644241
70	3.101772149
71	3.093453106
72	3.079951476
73	3.063558727
74	3.054351142
75	3.039031353
76	3.027188725
77	3.017308333
78	3.014057614
79	2.992034284
80	2.984240593881	2.97646159382	2.971400887
83	2.965307048
84	2.954166913
85	2.943361281
86	2.927988192
87	2.917968644
88	2.9226063
89	2.914914565
90	2.903500449
91	2.894648985
92	2.88623788
93	2.875939981
94	2.866673405
95	2.857327422
96	2.839236071
97	2.831758644
98	2.821050189
99	2.811919613
100	2.803867082
101	2.797296422
102	2.787525012
103	2.775800536
104	2.764248576
105	2.758756742
106	2.751449957
107	2.743858101
108	2.73029773
109	2.722469543
110	2.706702285
111	2.702343248
112	2.692566216
113	2.68465474
114	2.673606305
115	2.665010893
116	2.656308037
117	2.64889549
118	2.640667449
119	2.62262428
120	2.616304313
121	2.604280444
122	2.597219135
123	2.58364819
124	2.575566863
125	2.567864165
126	2.56161775
127	2.556376755
128	2.544159831
129	2.536177099
130	2.522371443
131	2.514851441
132	2.500802888
133	2.494562774
134	2.483697765
135	2.472683717
136	2.464927049
137	2.455581716
138	2.447103174
139	2.435691991
140	2.431537232
141	2.424281798
142	2.415302705
143	2.400902869
144	2.387694654
145	2.37252761
146	2.365126621
147	2.360676776
148	2.347869469
149	2.339747128
150	2.33462509
151	2.329493906
152	2.317003179
153	2.309572543
154	2.299925154
155	2.287155613
156	2.28436455
157	2.27807319
158	2.275241128
159	2.271595395
160	2.266652739
161	2.254859362
162	2.247296592
163	2.239459142
164	2.232796863
165	2.225808026
166	2.214011008
167	2.204727819
168	2.202504919
169	2.197051342
170	2.190642837
171	2.181838412
172	2.168812713
173	2.158397133
174	2.156919284
175	2.151125697
176	2.139808549
177	2.131497993
178	2.126150495
179	2.115579411
180	2.105973055
181	2.09927656
182	2.087681412
183	2.078830934
184	2.07049548
185	2.064903518
186	2.058813379
187	2.055437675
188	2.046013806
189	2.041698513
190	2.036794883
191	2.032565063
192	2.025487862
193	2.015634929
194	2.006550056
195	1.999021902
196	1.989071736
197	1.983197733
198	1.974398441
199	1.969176267
200	1.95740611
201	1.951990003
202	1.950893249
203	1.944482328
204	1.936536769
205	1.929537127
206	1.921269185
207	1.918560139
208	1.911859961
209	1.903332179
210	1.898549045
211	1.893354649
212	1.887439763
213	1.879713393
214	1.871511237
215	1.866806144
216	1.857356105
217	1.851537725
218	1.847554885
219	1.842347855
220	1.84085879
221	1.835225262
222	1.824236808
223	1.820489934
224	1.812125026
225	1.808207219
226	1.80492607
227	1.800603145
228	1.798076247
229	1.7959946
230	1.793243992
231	1.79170286
232	1.786703393
233	1.783064548
234	1.779127996
235	1.777563742
236	1.774424352
237	1.771808651
238	1.766391707
239	1.765950563
240	1.760876998
241	1.75398624
242	1.743425039
243	1.737971662
244	1.7360858
245	1.73121261
246	1.724640876
247	1.721847924
248	1.715803178
249	1.709930303
250	1.704439974
251	1.699789832
252	1.693427876
253	1.687713709
254	1.68643723
255	1.683186853
256	1.681991692
257	1.675120902
258	1.670796818
259	1.668121298
260	1.661052666
261	1.658736637
262	1.656685553
263	1.656287143
264	1.652222483
265	1.649148292
266	1.643655812
267	1.642103254
268	1.641726709
269	1.638870268
270	1.631724482
271	1.625555664
272	1.622271048
273	1.618535399
274	1.616177084
275	1.61241007
276	1.608198599
277	1.603320189
278	1.59724893
279	1.593806448
280	1.589602305
281	1.583965094
282	1.580105828
283	1.575294435
284	1.570094792
285	1.563782434
286	1.562177525
287	1.558815361
288	1.55710518
289	1.552349415
290	1.548196487
291	1.540288188
292	1.536846713
293	1.534639206
294	1.531266779
295	1.527750917
296	1.519591574
297	1.518025689
298	1.513850777
299	1.508190973
4440339
