iter	Passed	Remaining
0	58	17586
1	75	113082	82	8125
3	88	6539
4	92	5459
5	101	4970
6	102	4287
7	112	4095
8	124	4035
9	131	3808
10	132	3482
11	136	3269
12	142	3135
13	145	2962
14	147	2800
15	150	2666
16	153	2549
17	157	2467
18	159	2366
19	165	2321
20	171	2279
21	174	2209
22	185	2229
23	186	2140
24	186	2055
25	189	1992
26	191	1939
27	193	1878
28	199	1867
29	201	1814
30	206	1789
31	209	1753
32	220	1785
33	216	1692
34	231	1752
35	235	1729
36	237	1685
37	236	1628
38	245	1643
39	248	1614
40	249	1575
41	258	1587
42	272	1631
43	274	1595
44	288	1632
45	289	1595
46	291	1568
47	290	1523
48	297	1521
49	302	1511
50	321	1569
51	334	1596
52	342	1597
53	343	1566
54	332	1480
55	346	1509
56	349	1490
57	352	1471
58	360	1471
59	363	1452
60	369	1447
61	370	1423
62	372	1399
63	387	1427
64	392	1420
65	402	1427
66	405	1409
67	406	1387
68	411	1376
69	416	1367
70	426	1376
71	432	1370
72	435	1354
73	436	1333
74	443	1329
75	444	1309
76	445	1290
77	446	1272
78	448	1253
79	450	1238
80	451	1220
81	452	1203
82	469	1228
83	474	1220
84	475	1203
85	483	1203
86	487	1194
87	492	1186
88	497	1178
89	500	1167
90	517	1188
91	518	1172
92	522	1163
93	524	1148
94	527	1138
95	530	1127
96	535	1119
97	540	1114
98	542	1100
99	546	1092
100	551	1086
101	568	1103
102	569	1089
103	571	1077
104	572	1064
105	574	1051
106	575	1038
107	576	1025
108	578	1012
109	579	1000
110	580	988
111	583	979
112	584	967
113	585	955
114	587	944
115	590	936
116	591	924
117	592	914
118	593	903
119	595	892
120	596	882
121	597	872
122	606	873
123	607	862
124	608	852
125	610	843
126	612	834
127	618	830
128	622	824
129	628	821
130	629	812
131	635	809
132	638	801
133	641	794
134	642	785
135	643	775
136	660	785
137	665	780
138	669	775
139	673	770
140	677	764
141	679	756
142	684	751
143	685	742
144	688	736
145	693	731
146	694	722
147	707	726
148	711	721
149	719	719
150	722	712
151	728	709
152	731	702
153	736	698
154	737	690
155	738	681
156	753	686
157	756	680
158	757	672
159	759	664
160	798	688
161	799	680
162	800	672
163	820	680
164	824	674
165	828	668
166	833	663
167	836	657
168	839	650
169	842	644
170	846	638
171	849	632
172	852	626
173	856	619
174	859	613
175	864	609
176	865	601
177	874	599
178	879	594
179	880	587
180	882	579
181	891	578
182	895	572
183	899	567
184	903	561
185	909	557
186	913	552
187	915	545
188	922	541
189	923	534
190	923	527
191	924	520
192	927	514
193	930	508
194	934	503
195	939	498
196	942	492
197	944	486
198	967	491
199	968	484
200	985	485
201	989	480
202	991	473
203	992	467
204	993	460
205	995	454
206	1000	449
207	1003	443
208	1006	438
209	1008	432
210	1015	428
211	1023	424
212	1023	418
213	1024	411
214	1039	410
215	1041	405
216	1045	399
217	1052	395
218	1056	390
219	1060	385
220	1064	380
221	1068	375
222	1070	369
223	1073	364
224	1084	361
225	1089	356
226	1097	352
227	1099	347
228	1104	342
229	1113	338
230	1125	336
231	1139	334
232	1140	328
233	1141	322
234	1157	320
235	1158	314
236	1165	309
237	1167	304
238	1182	301
239	1184	296
240	1185	290
241	1186	284
242	1188	278
243	1191	273
244	1196	268
245	1197	262
246	1199	257
247	1203	252
248	1206	247
249	1211	242
250	1212	236
251	1215	231
252	1235	229
253	1236	223
254	1243	219
255	1246	214
256	1250	209
257	1256	204
258	1260	199
259	1262	194
260	1263	188
261	1264	183
262	1264	177
263	1265	172
264	1266	167
265	1267	161
266	1267	156
267	1268	151
268	1269	146
269	1270	141
270	1274	136
271	1276	131
272	1277	126
273	1279	121
274	1282	116
275	1283	111
276	1284	106
277	1285	101
278	1286	96
279	1290	92
280	1292	87
281	1293	82
282	1295	77
283	1296	73
284	1297	68
285	1298	63
286	1300	58
287	1303	54
288	1307	49
289	1308	45
290	1309	40
291	1310	35
292	1311	31
293	1312	26
294	1312	22
295	1313	17
296	1314	13
297	1314	8
298	1315	4
299	1316	0
