Feature,Importance
remainder__absences,1.03291742694341
remainder__failures,0.9844783045435093
remainder__age,0.2149524329175328
remainder__studytime,0.19968241275576232
remainder__goout,0.198337460410691
remainder__health,0.18682154832319162
remainder__Medu,0.15517502238132674
categorical__Mjob_at_home,0.13553502726957065
categorical__sex_M,0.09638156165475487
remainder__famrel,0.09371185455009194
categorical__sex_F,0.08970500193853914
categorical__schoolsup_yes,0.08830153295578352
remainder__Walc,0.08705645195683713
remainder__Dalc,0.08515334950261506
categorical__Mjob_services,0.08177128494531746
categorical__schoolsup_no,0.08132718275686121
categorical__guardian_other,0.07940774262300114
remainder__Fedu,0.07474662519114482
categorical__reason_reputation,0.07473440851197508
categorical__reason_home,0.0694789648489196
remainder__freetime,0.06867544115444295
categorical__Fjob_teacher,0.06739075243817308
categorical__famsup_no,0.06306445268164833
categorical__famsup_yes,0.06224032064051162
categorical__reason_course,0.06039618300024783
categorical__Mjob_health,0.05807868830382627
remainder__traveltime,0.057300464735667696
categorical__romantic_yes,0.05184613491789597
categorical__internet_no,0.05093825844189028
categorical__internet_yes,0.05000917809039562
categorical__higher_no,0.040515131312991746
categorical__Mjob_other,0.03961051950594272
categorical__romantic_no,0.03724525676224541
categorical__higher_yes,0.03631871911216401
categorical__Mjob_teacher,0.034053299071770814
categorical__Pstatus_A,0.0318628897497086
categorical__activities_yes,0.03035712140550318
categorical__famsize_LE3,0.02850556274123704
categorical__Fjob_other,0.027355423404611338
categorical__guardian_father,0.026914287255628576
categorical__famsize_GT3,0.02356754171503874
categorical__paid_yes,0.02285819920732361
categorical__Fjob_services,0.018941058487648002
categorical__Pstatus_T,0.01866412117590755
categorical__activities_no,0.018255135204438572
categorical__Fjob_at_home,0.018149416431000338
categorical__paid_no,0.017667680053423406
categorical__nursery_yes,0.016083322297237582
categorical__address_U,0.014235001584077507
categorical__nursery_no,0.013906297746784155
categorical__school_GP,0.01311403490499737
categorical__address_R,0.0124733943696232
categorical__guardian_mother,0.0110152397682346
categorical__reason_other,0.008287726121196286
categorical__school_MS,0.008100836804277462
categorical__Fjob_health,0.002768713675421159
