Original_Feature,SHAP,Absolute_SHAP,Human_Feature
schoolsup,-1.347743955972183,1.347743955972183,Extra School Support
absences,0.7565543433053318,0.7565543433053318,Absences
Mjob,-0.7005757545165717,0.7005757545165717,Mother's Job
Fjob,0.41496385375653,0.41496385375653,Father's Job
sex,-0.26177335615322983,0.26177335615322983,Gender
reason,-0.23067766907888793,0.23067766907888793,Course Selection Reason
failures,0.21909497267417438,0.21909497267417438,Previous Academic Failures
health,-0.20804790742275686,0.20804790742275686,Health
studytime,0.18585939434878182,0.18585939434878182,Study Time
Medu,0.12632864847977265,0.12632864847977265,Mother's Education
Fedu,0.0961426752101121,0.0961426752101121,Father's Education
paid,0.08057441951385184,0.08057441951385184,Extra Paid Classes
famsup,-0.0794889931473268,0.0794889931473268,Family Educational Support
freetime,-0.06840733480798827,0.06840733480798827,Free Time
goout,0.04846956472378576,0.04846956472378576,Going Out
romantic,0.0424989440982012,0.0424989440982012,Romantic Relationship
famsize,-0.04132974358398932,0.04132974358398932,Family Size
internet,0.03753377981945364,0.03753377981945364,Internet Access
Pstatus,0.03729196056377815,0.03729196056377815,Parent Cohabitation Status
Walc,0.03626430257377281,0.03626430257377281,Weekend Alcohol Consumption
activities,-0.03344518690494671,0.03344518690494671,Extracurricular Activities
age,-0.030784423799920985,0.030784423799920985,Age
traveltime,0.028848869253856643,0.028848869253856643,Travel Time
higher,0.02813459927572215,0.02813459927572215,Higher Education Aspiration
Dalc,0.02735692804758203,0.02735692804758203,Weekday Alcohol Consumption
nursery,-0.02186700953980384,0.02186700953980384,Nursery Education
school,-0.017975728571460556,0.017975728571460556,School
guardian,0.009138615978561165,0.009138615978561165,Guardian
address,-0.0029542999149998832,0.0029542999149998832,Address Type
famrel,-0.0007608795172124183,0.0007608795172124183,Family Relationship
